﻿<?xml version="1.0" encoding="UTF-8"?>
<Root version="4">
  <CyStates>
    <CyNormalState>
      <Left>506</Left>
      <Top>151.723333333333</Top>
      <Width>83</Width>
      <Height>70</Height>
      <Name>STATE8</Name>
      <DisplayName>WR_FLAG</DisplayName>
      <zIndex>1</zIndex>
      <IsGroup>False</IsGroup>
      <ParentID>00000000-0000-0000-0000-000000000000</ParentID>
    </CyNormalState>
    <CyNormalState>
      <Left>509.692307692308</Left>
      <Top>33.31</Top>
      <Width>83</Width>
      <Height>70</Height>
      <Name>STATE0</Name>
      <DisplayName>WR_DATA</DisplayName>
      <zIndex>1</zIndex>
      <IsGroup>False</IsGroup>
      <ParentID>00000000-0000-0000-0000-000000000000</ParentID>
    </CyNormalState>
    <CyNormalState>
      <Left>111</Left>
      <Top>472.31</Top>
      <Width>83</Width>
      <Height>70</Height>
      <Name>STATE4</Name>
      <DisplayName>DR_ADDR</DisplayName>
      <zIndex>1</zIndex>
      <IsGroup>False</IsGroup>
      <ParentID>00000000-0000-0000-0000-000000000000</ParentID>
    </CyNormalState>
    <CyNormalState>
      <Left>365</Left>
      <Top>483.053637697731</Top>
      <Width>83</Width>
      <Height>70</Height>
      <Name>STATE5</Name>
      <DisplayName>RD_CTRL</DisplayName>
      <zIndex>1</zIndex>
      <IsGroup>False</IsGroup>
      <ParentID>00000000-0000-0000-0000-000000000000</ParentID>
    </CyNormalState>
    <CyNormalState>
      <Left>513</Left>
      <Top>486.053637697732</Top>
      <Width>83</Width>
      <Height>70</Height>
      <Name>STATE6</Name>
      <DisplayName>RD_CTRL1</DisplayName>
      <zIndex>1</zIndex>
      <IsGroup>False</IsGroup>
      <ParentID>00000000-0000-0000-0000-000000000000</ParentID>
    </CyNormalState>
    <CyNormalState>
      <Left>514</Left>
      <Top>351.053637697732</Top>
      <Width>83</Width>
      <Height>70</Height>
      <Name>STATE10</Name>
      <DisplayName>DO_IN_DATA</DisplayName>
      <zIndex>1</zIndex>
      <IsGroup>False</IsGroup>
      <ParentID>00000000-0000-0000-0000-000000000000</ParentID>
    </CyNormalState>
    <CyNormalState>
      <Left>100</Left>
      <Top>247.41</Top>
      <Width>83</Width>
      <Height>70</Height>
      <Name>STATE1</Name>
      <DisplayName>RD_WR_IDLE</DisplayName>
      <zIndex>1</zIndex>
      <IsGroup>False</IsGroup>
      <ParentID>00000000-0000-0000-0000-000000000000</ParentID>
    </CyNormalState>
    <CyNormalState>
      <Left>217</Left>
      <Top>23.41</Top>
      <Width>83</Width>
      <Height>70</Height>
      <Name>STATE2</Name>
      <DisplayName>SHORT_PKT</DisplayName>
      <zIndex>1</zIndex>
      <IsGroup>False</IsGroup>
      <ParentID>00000000-0000-0000-0000-000000000000</ParentID>
    </CyNormalState>
    <CyNormalState>
      <Left>267</Left>
      <Top>400.130136398371</Top>
      <Width>83</Width>
      <Height>70</Height>
      <Name>STATE3</Name>
      <DisplayName>RD_SHORT_PKT</DisplayName>
      <zIndex>1</zIndex>
      <IsGroup>False</IsGroup>
      <ParentID>00000000-0000-0000-0000-000000000000</ParentID>
    </CyNormalState>
    <CyStartState>
      <Left>93</Left>
      <Top>26.446666666667</Top>
      <Width>83</Width>
      <Height>70</Height>
      <Name>STARTSTATE0</Name>
      <DisplayName>START</DisplayName>
      <zIndex>1</zIndex>
      <IsGroup>False</IsGroup>
      <ParentID>00000000-0000-0000-0000-000000000000</ParentID>
    </CyStartState>
  </CyStates>
  <CyTransitions>
    <CyTransition>
      <Name>TRANSITION12</Name>
      <TransitionEquation>LOGIC_ONE</TransitionEquation>
      <SourceName>STATE3</SourceName>
      <SinkName>STATE1</SinkName>
      <SourceConnectorName>Connector</SourceConnectorName>
      <SinkConnectorName>Connector</SinkConnectorName>
      <SourceArrowSymbol>None</SourceArrowSymbol>
      <SinkArrowSymbol>Arrow</SinkArrowSymbol>
      <zIndex>0</zIndex>
    </CyTransition>
    <CyTransition>
      <Name>TRANSITION11</Name>
      <TransitionEquation>!ADDR_CNT_HIT&amp;FLAG_C</TransitionEquation>
      <SourceName>STATE10</SourceName>
      <SinkName>STATE3</SinkName>
      <SourceConnectorName>Connector</SourceConnectorName>
      <SinkConnectorName>Connector</SinkConnectorName>
      <SourceArrowSymbol>None</SourceArrowSymbol>
      <SinkArrowSymbol>Arrow</SinkArrowSymbol>
      <zIndex>0</zIndex>
    </CyTransition>
    <CyTransition>
      <Name>TRANSITION10</Name>
      <TransitionEquation>LOGIC_ONE</TransitionEquation>
      <SourceName>STATE2</SourceName>
      <SinkName>STATE1</SinkName>
      <SourceConnectorName>Connector</SourceConnectorName>
      <SinkConnectorName>Connector</SinkConnectorName>
      <SourceArrowSymbol>None</SourceArrowSymbol>
      <SinkArrowSymbol>Arrow</SinkArrowSymbol>
      <zIndex>0</zIndex>
    </CyTransition>
    <CyTransition>
      <Name>TRANSITION9</Name>
      <TransitionEquation>!DMA_RDY_TH1&amp;!DATA_CNT_HIT</TransitionEquation>
      <SourceName>STATE0</SourceName>
      <SinkName>STATE2</SinkName>
      <SourceConnectorName>Connector</SourceConnectorName>
      <SinkConnectorName>Connector</SinkConnectorName>
      <SourceArrowSymbol>None</SourceArrowSymbol>
      <SinkArrowSymbol>Arrow</SinkArrowSymbol>
      <zIndex>0</zIndex>
    </CyTransition>
    <CyTransition>
      <Name>TRANSITION5</Name>
      <TransitionEquation>!DMA_RDY_TH0&amp;ADDR_CNT_HIT</TransitionEquation>
      <SourceName>STATE10</SourceName>
      <SinkName>STATE1</SinkName>
      <SourceConnectorName>Connector</SourceConnectorName>
      <SinkConnectorName>Connector</SinkConnectorName>
      <SourceArrowSymbol>None</SourceArrowSymbol>
      <SinkArrowSymbol>Arrow</SinkArrowSymbol>
      <zIndex>0</zIndex>
    </CyTransition>
    <CyTransition>
      <Name>TRANSITION4</Name>
      <TransitionEquation>!DMA_RDY_TH1&amp;DATA_CNT_HIT</TransitionEquation>
      <SourceName>STATE0</SourceName>
      <SinkName>STATE1</SinkName>
      <SourceConnectorName>Connector</SourceConnectorName>
      <SinkConnectorName>Connector</SinkConnectorName>
      <SourceArrowSymbol>None</SourceArrowSymbol>
      <SinkArrowSymbol>Arrow</SinkArrowSymbol>
      <zIndex>0</zIndex>
    </CyTransition>
    <CyTransition>
      <Name>TRANSITION3</Name>
      <TransitionEquation>!DMA_RDY_TH0</TransitionEquation>
      <SourceName>STATE4</SourceName>
      <SinkName>STATE1</SinkName>
      <SourceConnectorName>Connector</SourceConnectorName>
      <SinkConnectorName>Connector</SinkConnectorName>
      <SourceArrowSymbol>None</SourceArrowSymbol>
      <SinkArrowSymbol>Arrow</SinkArrowSymbol>
      <zIndex>0</zIndex>
    </CyTransition>
    <CyTransition>
      <Name>TRANSITION2</Name>
      <TransitionEquation>FLAG_A</TransitionEquation>
      <SourceName>STATE1</SourceName>
      <SinkName>STATE4</SinkName>
      <SourceConnectorName>Connector</SourceConnectorName>
      <SinkConnectorName>Connector</SinkConnectorName>
      <SourceArrowSymbol>None</SourceArrowSymbol>
      <SinkArrowSymbol>Arrow</SinkArrowSymbol>
      <zIndex>0</zIndex>
    </CyTransition>
    <CyTransition>
      <Name>TRANSITION1</Name>
      <TransitionEquation>DMA_RDY_TH1&amp;FLAG_B</TransitionEquation>
      <SourceName>STATE1</SourceName>
      <SinkName>STATE8</SinkName>
      <SourceConnectorName>Connector</SourceConnectorName>
      <SinkConnectorName>Connector</SinkConnectorName>
      <SourceArrowSymbol>None</SourceArrowSymbol>
      <SinkArrowSymbol>Arrow</SinkArrowSymbol>
      <zIndex>0</zIndex>
    </CyTransition>
    <CyTransition>
      <Name>TRANSITION0</Name>
      <TransitionEquation>LOGIC_ONE</TransitionEquation>
      <SourceName>STARTSTATE0</SourceName>
      <SinkName>STATE1</SinkName>
      <SourceConnectorName>Connector</SourceConnectorName>
      <SinkConnectorName>Connector</SinkConnectorName>
      <SourceArrowSymbol>None</SourceArrowSymbol>
      <SinkArrowSymbol>Arrow</SinkArrowSymbol>
      <zIndex>0</zIndex>
    </CyTransition>
    <CyTransition>
      <Name>TRANSITION14</Name>
      <TransitionEquation>FLAG_A&amp;DMA_RDY_TH0</TransitionEquation>
      <SourceName>STATE6</SourceName>
      <SinkName>STATE10</SinkName>
      <SourceConnectorName>Connector</SourceConnectorName>
      <SinkConnectorName>Connector</SinkConnectorName>
      <SourceArrowSymbol>None</SourceArrowSymbol>
      <SinkArrowSymbol>Arrow</SinkArrowSymbol>
      <zIndex>0</zIndex>
    </CyTransition>
    <CyTransition>
      <Name>TRANSITION7</Name>
      <TransitionEquation>FLAG_A&amp;DMA_RDY_TH0</TransitionEquation>
      <SourceName>STATE5</SourceName>
      <SinkName>STATE6</SinkName>
      <SourceConnectorName>Connector</SourceConnectorName>
      <SinkConnectorName>Connector</SinkConnectorName>
      <SourceArrowSymbol>None</SourceArrowSymbol>
      <SinkArrowSymbol>Arrow</SinkArrowSymbol>
      <zIndex>0</zIndex>
    </CyTransition>
    <CyTransition>
      <Name>TRANSITION6</Name>
      <TransitionEquation>FLAG_A&amp;DMA_RDY_TH0</TransitionEquation>
      <SourceName>STATE4</SourceName>
      <SinkName>STATE5</SinkName>
      <SourceConnectorName>Connector</SourceConnectorName>
      <SinkConnectorName>Connector</SinkConnectorName>
      <SourceArrowSymbol>None</SourceArrowSymbol>
      <SinkArrowSymbol>Arrow</SinkArrowSymbol>
      <zIndex>0</zIndex>
    </CyTransition>
    <CyTransition>
      <Name>TRANSITION8</Name>
      <TransitionEquation>DMA_RDY_TH1&amp;FLAG_B</TransitionEquation>
      <SourceName>STATE8</SourceName>
      <SinkName>STATE0</SinkName>
      <SourceConnectorName>Connector</SourceConnectorName>
      <SinkConnectorName>Connector</SinkConnectorName>
      <SourceArrowSymbol>None</SourceArrowSymbol>
      <SinkArrowSymbol>Arrow</SinkArrowSymbol>
      <zIndex>0</zIndex>
    </CyTransition>
  </CyTransitions>
</Root>